0,Strike,0.5
1,Smite,1
2,Force Snap,1
3,Force Strike,1
4,Lightning Bolt,0.25
5,Frost Bolt,0.25
6,Anarchy,1
7,Gravity Flux,2
8,Harm Touch,0.25
9,Shock of Spikes,0.5
10,Shock of Swords,0.5
11,Force,3
12,Sound of Force,5
13,Color Shift,0.5
14,Color Skew,0.5
15,Word of Pain,1
16,Whirling Wind,2
17,Color Flux,0.5
18,Chaotic Feedback,0.5
19,Sanity Warp,0.5
20,Shock of Blades,0.5
21,Wrath,1
22,Poison Bolt,0.5
23,Chaos Flux,1
24,Numbing Cold,1
25,Shock of Lightning,2
26,Project Lightning,3
27,Tremor,1
28,Earthquake,1
29,Word of Shadow,1
30,Word of Spirit,1
31,Word of Souls,1
32,Word Divine,1
33,Envenomed Bolt,0.5
34,Fire Spiral of Al'Kabor,2
35,Shock Spiral of Al'Kabor,2
36,Force Spiral of Al'Kabor,2
37,Thunder Strike,15
38,Thunderclap,10
39,Dizzying Wind,2
40,Tail Lashings,3
41,Furor,0.5
42,Retribution,1
43,Discordant Mind,1
44,Brusco's Boastful Bellow,1
45,Wrath of Al'Kabor,2
46,Crission's Pixie Strike,2
47,Denon's Desperate Dirge,1
48,System Shock I,1
49,Fist of Air,16
50,Fist of Earth,1
51,Magi Bolt,6
52,Magi Strike,6
53,Magi Curse,6
54,Magi Circle,6
55,Avatar Power,20
56,Guide Bolt,6
57,Flame Song of Ro,1
58,Chaos Breath,3
59,Telekinesis,16
60,Matriarch Poison,0.5
61,Sionachie's Dreams,2
62,Prismatic Flux,0.5
63,Delusional Visions,10
64,Ink Jet,7
65,Knockback,16
66,Avatar Knockback,34
67,Sonic Scream,1
68,Harm Touch NPC,0.25
69,Choking Wind,3
70,Ykesha,1
71,Thunder Call,1
72,Rage of the Rainkeeper,2
73,Manabolt,1
74,Tempest Wind,1
75,Overwhelming Stench,1
76,Orxkra's Bane,0.5
77,Death Strike,1
78,Gyrosonic Disruption,6
79,Gas Leak,4
80,Dreams of Ayonae,-3
81,Tremor of Judgment,1
82,Touch of Pain,1
83,Dismal Rage of the Shrine,3
84,Sting of the Shissar,1
85,Bite of the Shissar,1
86,Bixie Sting,1
87,Scoriae Bite,1
88,Guide Bolt,6
89,Magi Bolt,6
90,Magi Strike,6
91,Magi Curse,6
92,Magi Circle,6
93,Repulse,16
94,Rage of the Sky,1
95,Poisonous Chill,1
96,Screech,2
97,Fireburst,2
98,Elemental Maelstrom,1
99,Wrath of the Elements,1
100,Call of Sky Strike,1
101,Scream of Chaos,20
102,Upheaval,1
103,Reckoning,1
104,Enforced Reverence,5
105,The Unspoken Word,1
106,Bane of Nife,0.5
107,Breath of Karana,2
108,Invert Gravity,2
109,Jyll's Static Pulse,1
110,Jyll's Zephyr of Ice,1
111,Jyll's Wave of Heat,1
112,Thunderbolt,3
113,Shock of Steel,0.5
114,Color Slant,0.5
115,Dementia,1
116,Torment of Argli,1
117,Largarn's Lamentation,1
118,Power of the Forests,20
119,Brusco's Bombastic Bellow,1
120,Song of Twilight,-4
121,Grizznot SMASH,5
122,Froglok Poison,0.5
123,Storm Strike,1
124,Shrieking Howl,5
125,Nature's Wrath,1
126,Divine Wrath,5
127,System Shock II,1
128,System Shock III,1
129,System Shock IV,1
130,System Shock V,1
131,Ice breath,1
132,Mind Cloud,1
133,Mastodon Stomp,1
134,Dementing Visions,1
135,Death Shackles,8
136,Striking Vertigo,11
137,Rumbling Earth,0.5
138,Presence of Ssraeshza,20
139,Calamity,1
140,Pain and Suffering,1
141,Drake Breath,1
142,Drake Breath,1
143,Drake Breath,1
144,Drake Breath,1
145,Ancient Scourge of Nife,0.5
146,Ancient Shock of Sun,0.5
147,Ancient Chaotic Visions,1
148,Tragedy at Cazic Thule,2
149,Horrific Force,16
150,Vortex of Horror,1
151,Thule's Scourge,0.5
152,Horrifying Apparition,0.5
153,Word of Command,5
154,Lesser Shadow Poison,0.5
155,Greater Shadow Poison,0.5
156,Fling,1
157,Divine Stun I,3
158,Tortured Memory,20
159,River's Rancor,1
160,Fiery Retribution,1
161,Furor of the Wild,1
162,Wrath of the Wild,1
163,Dominion of Force,0.5
164,Rage of Ssraeshza,3
165,Screeching Ricochet,5
166,Sweltering Carcass,1
167,Sacred Word,3
168,Judgment,1
169,Shock of Fiery Blades,0.5
170,Quellious' Word of Tranquility,5
171,Descending Might,3
172,Wrathful Strike,1
173,Smothering Sands,0.5
174,Spirit of Wind Strike,2
175,Leech Touch,0.25
176,Dragon Force I,5
177,N/A - Harm Touch,0.25
178,Glowing Glyphs,10
179,Abysmal Banishment,1
180,Storm Tremor,1
181,N/A - Harm Touch,2
182,Upheaval,16
183,Spire Strike,34
184,Golem Smash,6
185,Golem Smash2,6
186,Advisor Nova,10
187,Shrieker's Curse,10
188,Shrieker Stun,3
189,Itraer Vius Touch,10
190,Acrylia KB,4
191,Mana Shroud,2
192,Entrapment,12
193,Storm Tremor,1
194,Tangling Worms,6
195,Disruptive Force,0.5
196,The Emperor's Will,25
197,Wave of Toxicity,4
198,Fist of Lava,1
199,Fiery Strike,3
200,Blizzard Wave,25
201,Dreams of Thule,-3
202,Web of Flame,3
203,Seething Hatred,1
204,Insipid Dreams,1
205,Call of Sky Strike,1
206,Call of Sky Strike,1
207,Will of Saryrn,0.5
208,Blade Frenzy,0.5
209,Air Strike,1
210,Wind Strike,1
211,Blinding Essence of Purity,4
212,Strike of Marr,1
213,Strike of the Champion,4
214,Denial,1
215,Protection of Marr,4
216,Shattering Glass,1
217,Shards of Glass,1
218,Virulent Paralysis I,8
219,Virulent Paralysis II,12
220,Virulent Paralysis III,16
221,Blood of Thule,0.5
222,Black Steel,0.5
223,Sun Vortex,0.5
224,Torment of Scio,1
225,Insanity,1
226,Word of Morell,0.5
227,Saryrn's Scream of Pain,1
228,Dreams of Terris,-3
229,Blood of Saryrn,0.5
230,Quellious' Word of Serenity,5
231,The Silent Command,1
232,Catastrophe,1
233,Condemnation,1
234,Tarnation,5
235,Ancient MGB True South,0.5
236,Entrancing Lights,0.5
237,Planar Strike,1
238,Planar Stun,1
239,Ethereal Strike,1
240,Ethereal Stun,1
241,Time Lapse,1
242,Sting of Ayonae,1
243,Bite of Bertoxxulous,1
244,Time Snap,1
245,Curtain Call,1
246,Dismal Wind,0.5
247,Tortured Memory II,20
248,Pestilence Shock Strike,1
249,Pestilence Shock Strike,1
250,Soul Claw Strike,1
251,Soul Claw Strike,1
252,Frozen Shards,1
253,Time Rend,1
254,Terra Throe,34
255,Scorch,1
256,Blade Fever,0.5
257,Throw,15
258,Crumbling Blow,15
259,Shockwave of Shrapnel,60
260,Earthen Shrapnel,40
261,Earthen Shrapnel,20
262,Orc Tremor,20
263,Bite of Ykesha,1
264,Strike of Ykesha,1
265,Force of Ykesha,1
266,Wrath of Ykesha,1
267,Color Cloud,0.5
268,Golem Pulverize,1
269,Cursed Keeper's Force,10
270,Cursed Keeper's Anger,10
271,Cursed Keeper's Hatred,10
272,Cursed Keeper's Fury,10
273,Poisoned Barbs of the Cavern,5
274,Swirling Sandstorm,10
275,Tixxrt's Searing Force,15
276,Cataclysm of Stone,5
277,Touch of the Muramite,10
278,Wave of Rage,3
279,Force of the Commander,10
280,Discord's Rebuke,10
281,Madness of Ikkibi,1
282,Shock of Discord Strike,1
283,Shock of Discord Strike,1
284,Ancient Chaos Censure,1
285,Ancient Chaos Madness,1
286,Ancient Chaos Vortex,0.5
287,Rampaging Force,5
288,Barxt's Destructive Touch,5
289,Barxt's Mental Corruption,10
290,Wave of Absolute Power,10
291,Wave of Fury,3
292,Force of Trusik's Rage,10
293,Massive Explosion,5
294,Breath of Turmoil,3
295,Dragon Harm Touch,0.25
296,Rage of Xyzith,1
297,Shock of Wonder,5
298,Calamity,1
299,Silent Dictation,1
300,Ancient Pious Conscience,1
301,Serene Command,5
302,Earth Shiver,1
303,Bellow of Chaos,1
304,Luvwen's Lullaby,-3
305,Blade Strike,0.5
306,Omen-Enc-PH,1
307,Color Snap,0.5
308,Psychosis,1
309,Ancient Neurosis,1
310,Bazu Stomp,1
311,Bloodpyre,1
312,Heart Blaze,1
313,Spinning Confusion,1
314,Spinal Disorientation,1
315,Tidal Surge,6
316,Binding Tentacle,6
317,Crushing Blow,16
318,Wail of Anguish,10
319,Feedback Dispersion,10
320,Imprecision,1
321,Rigidity,1
322,Curse of Misfortune,1
323,Impurity,1
324,Velitorkin Stomp,2
325,Chailak Maul,34
326,Ironhoof Strike,-10
327,Groundpound,34
328,Festering Spike,5
329,Prismatic Lance,5
330,Earthshaker,34
331,Thunder Breath,2
332,Torrent Breath,2
333,Stone Breath,2
334,Mind Warp,1
335,Stone Fist,16
336,Swamp Swipe,34
337,Divine Stun II,3
338,Sullon's Wrath,5
339,Sullon's Ferocity,2
340,Press the Attack I,5
341,Body Slam,1
342,Aura of Kreljnok,3
343,Whirlwind Slice,12
344,Boulder Toss,2
345,Pulse of Pain,2
346,Blood Dream,1
347,Wave of Hatred,30
348,Lupine Rage,16
349,Scalding Steam,10
350,Kessdona's Burning Breath,10
351,Explosion of Sand,5
352,Rikkukin's Cone of Cold,10
353,Tail Sweep,10
354,Clawed Swipe,10
355,Clawed Swipe,10
356,Yar'Lir's Cone of Storms,25
357,Wing Buffet,25
358,Prathun's Cone of Cold,8
359,Breath of the Shadow,22
360,Hammer of Absolution,10
361,Touch of Agony,2
362,Infernal Web,16
363,Magma Blast,2
364,Meddler's Misfortune,1
365,Tentacle Swat,16
366,Static Strike,1
367,Anarchy,1
368,Shock of Spikes,0.5
369,Chaos Flux,1
370,Icicle Shock,2
371,Shock of Fiery Blades,0.5
372,Acidic Breath,5
373,Flash Powder Explosion,5
374,Rampage of Rathkan,8
375,Hurl of Rathkan,14
376,Lantern Bomb,1
377,Flashpowder Bomb,2
378,Sonic Screech,3
379,Flapping of Wings,30
380,Circle of Dreams,0.5
381,Shield Smash,10
382,Leviathan Tsunami,10
383,Color Corruption,0.5
384,Shiliskin Smite,4
385,Tentacle Flailing,8
386,Wild Arc,4
387,Wave of Fire,2
388,Color Cloud,0.5
389,Psychosis,1
390,Magical Barrier,7
391,Wings of the Gargoyle,2
392,Immobilizing Stone,2
393,Spider's Glare,10
394,Antraygus' Bellow,10
395,Gargoyle Swipe,8
396,Chanting Venom,1
397,Tsikut's Icy Breath,10
398,Elemental Energy Blast,2
399,Elemental Energy Burst,2
400,General's Charge,10
401,Static Bolt,1
402,Static Bolt,1
403,Explosion,3
404,Small Explosion,3
405,Static Shock,1
406,Static Shock,1
407,Brownie Poison,1
408,Brownie Poison,1
409,Cleaning Fluid,1
410,Cleaning Fluid,1
411,Clockwork Poison,1
412,Blast of Steam,3
413,Air Blast,5
414,Air Blast of the Collector,5
415,Release of Steam,1
416,Rotor Wash,8
417,Ventilation Blast,10
418,Guardian Kick,20
419,Gore,3
420,Slag Bolt,3
421,Crystal Shock,2
422,Kinetic Blast I,2
423,Kinetic Blast II,4
424,Kinetic Blast III,6
425,Kinetic Blast IV,10
426,Kinetic Blast V,8
427,Part Projectile,4
428,Wall Breaker,6
429,Implosion,-5
430,Double Horn Gore,2
431,Mechanomagical Punch,7
432,Ventilation Gust,34
433,Chromastrike,1
434,Spore Spiral,4
435,Colored Chaos,1
436,Echoing Madness,-3
437,Breath of the Brood Mother,10
438,Tail Sweep II,10
439,Clawed Swipe II,10
440,Clawed Swipe II,10
441,Shrieker Sonic Wave,1
442,Shrieker Sonic Wave,1
443,Shrieker Sonic Wave,1
444,Nimbus Shrieker Wave,1
445,Nimbus Shrieker Wave,1
446,Nimbus Shrieker Wave,1
447,Retch Spore,1
448,Retch Spore,1
449,Retch Spore,1
450,Hammer Time,10
451,Steamfist,6
452,Queen's Frontal Strike,10
453,Queen's Sweeping Strike,10
454,Infection Test 1,-3
455,Infection Test 2,-3
456,Fling,8
457,Gale Force,2
458,Force of Neran,12
459,Ur-Tsigrac's Fury,34
460,Essence of the Pure,4
461,Force Shock,10
462,Anti Infantry Bomb,0.25
463,Elddar's Grasp,4
464,Gale of the West Wind,2
465,Colossus Strike,10
466,Colossus Upheaval,2
467,Moonstruck,5
468,Maddening Scream,2
469,Sonic Pulse,6
470,Color Corruption II,0.5
471,Strong-Arm,1
472,Flailing Hoofs,1
473,Mighty Swing,1
474,Wind Raze,2
475,Fabled Ice Breath,1
476,Fabled Mind Cloud,1
477,Fabled Dismal Rage of the Shrine,3
478,Tusk Sweep,2
479,Buzzing Blast,2
480,Might of the Righteous,1
481,Banishment of Shadows,4
482,Kael's Fury,11
483,Numbing Wail,0.5
484,Limb Bash,1
485,Storm Breath,1
486,Shar'Drahn's Storm Blast,25
487,Shar'Drahn's Lightning Storm,25
488,Ashenback's Magma Cone,25
489,Tail Lash,10
490,Right Claw Slash,10
491,Left Claw Slash,10
492,Ar'yer's Malevolent Force,15
493,Keloss' Undying Rage,25
494,Rakche's Unholy Aura,25
495,Wallop,2
496,Screech of Pain,1
497,Nightmare's Embrace,4
498,Drishak's Malevolent Force,15
499,Sevelin's Devastating Fury,25
500,Sevaredith's Aura of Death,25
501,Hammer Blow,8
502,Thunderous Power,10
503,Clash of Cejore,8
504,Inferno of Rage,1
505,Portal Flux,2
506,Gargoyle Gaze,5
507,Nightmare Trample,4
508,Fabled Scream of Chaos,20
509,Fabled Power of the Forests,20
510,Fabled Chaos Breath,3
511,Fabled Mastodon Stomp,1
512,Wave of Force,34
513,Trideath's Bull Charge,10
514,Sandstorm's Tail Slap,8
515,Breath of the Sandstorm,8
516,Scaled Tail Lash,8
517,Grizzly Paw,2
518,Koda's Hug,2
519,Roar of the Grizzly,5
520,Dash Against the Rocks,2
521,Sothgar's Wing Buffet,10
522,Wings of the Enforcer,2
523,Fist of the Sunderock Spires,10
524,Drum of Poison,1
525,Rotwood Wallop,2
526,Two-Handed Sweep,5
527,Thrown Boulder,2
528,Hurricane,2
529,Club Sweep,3
530,Harpy Scream,2
531,Giant's Slam,5
532,Dire Wing Strike,6
533,Cordagan's Crushing Fist,1
534,Sound of the Sleeping Giant I,4
535,Immobilizing Puncture,1
536,Pummelcrush's Battlecry,3
537,Earthcrusher's Chaos,15
538,Dementon's Insanity,5
539,Warfist of Battle,1
540,Ice Avalanche,2
541,Torrential Blizzard,4
542,Blizzard,1
543,Tick-Tock Explosion I,3
544,Tick-Tock Explosion II,3
545,Tick-Tock Explosion III,3
546,Sacrifice of Dissolution,6
547,Vortex of Disorientation,2
548,Forceful Exertion,5
549,Deepscar's Whirlwind,5
550,Ankle Trip,2
551,Gust of Ashengate Wind,12
552,Icequake,2
553,Shield Strike,2
554,Explosive Repulsion,5
555,Veldyn's Torment,5
556,Awestruck,5
557,Awestruck Rk. II,5
558,Awestruck Rk. III,5
559,Tectonic Quake,1
560,Tectonic Quake Rk. II,1
561,Tectonic Quake Rk. III,1
562,Silent Decree,1
563,Silent Decree Rk. II,1
564,Silent Decree Rk. III,1
565,Vinelash Cascade,2
566,Vinelash Cascade Rk. II,2
567,Vinelash Cascade Rk. III,2
568,Lesson of Penitence,5
569,Lesson of Penitence Rk. II,5
570,Lesson of Penitence Rk. III,5
571,Brusco's Boisterous Bellow,1
572,Brusco's Boisterous Bellow Rk. II,1
573,Brusco's Boisterous Bellow Rk. III,1
574,Aelfric's Last Lullaby,-3
575,Aelfric's Last Lullaby Rk. II,-3
576,Aelfric's Last Lullaby Rk. III,-3
577,Denon's Dirge of Destruction,1
578,Denon's Dirge of Destruction Rk. II,1
579,Denon's Dirge of Destruction Rk. III,1
580,Polychromatic Assault,1
581,Polychromatic Assault Rk. II,1
582,Polychromatic Assault Rk. III,1
583,Dreams of Veldyn,0.5
584,Dreams of Veldyn Rk. II,0.5
585,Dreams of Veldyn Rk. III,0.5
586,Color Collapse,0.5
587,Color Collapse Rk. II,0.5
588,Color Collapse Rk. III,0.5
589,Polychromatic Rune Strike,0.5
590,Polychromatic Rune Strike Rk. II,0.5
591,Polychromatic Rune Strike Rk. III,0.5
592,Shock of Silvered Steel,0.5
593,Shock of Silvered Steel Rk. II,0.5
594,Shock of Silvered Steel Rk. III,0.5
595,Impel,12
596,Impel Rk. II,16
597,Impel Rk. III,20
598,Krithgor Slam,2
599,Krithgor Toss,4
600,Krithgor Boulder Hurling,2
601,Grappling Strike I,-5
602,Open Palm Strike,-5
603,Open Palm Strike,-5
604,Divine Stun III,5
605,Nurtha's Web of Entrapment,5
606,Shield Throw,6
607,Force of Zek,7
608,Veldyn's Discord,6
609,Gremlin Shove,10
610,Smash,15
611,Thunderous Roar,2
612,Skyslam,3
613,Fizzle,1
614,Face Slam,4
615,Overheat Explosion,4
616,Bounce,2
617,Flash Boil,4
618,Nehemen's Strike,1
619,Lodigar's Vengeance,1
620,Bonefang Venom,1
621,Lochmaul Uppercut,1
622,Lochmaul Bash,1
623,Wave of Eternal Night,3
624,Ground Punch,3
625,Dervish Explosion,2
626,Wrath of Solusek,5
627,Wrath of a New God,5
628,Precision Tail Strike,3
629,Low Tail Sweep,2
630,Thunderous Punch,1
631,Fright or Flight,6
632,Bite of the Lycanthrope,3
633,Deep Orc Strike,2
634,Blast of Burning Steam,6
635,Lightning Greaves,6
636,Guard Captain's Strike,4
637,Rear Guard's Charge,4
638,Solar Flare,4
639,Ground Strike,4
640,Lightning Greaves II,12
641,Breath of the Inferno,1
642,Hydrobolt,3
643,Clawfiend Crush,1
644,Tidal Force,8
645,Fabled Knockback,16
646,Fabled Screech,2
647,Fabled Word of Command,5
648,Fabled Greater Shadow Poison,0.5
649,Fabled Fling,1
650,Fabled Tortured Memory,20
651,Fabled Upheaval,16
652,Fabled Spire Strike,34
653,Fabled Itraer Vius Touch,10
654,Bullrush,2
655,Hammer Sweep,2
656,Guardian's Challenge I,2
657,Guardian's Challenge II,2
658,Guardian's Challenge III,2
659,Guardian's Challenge,2
660,Poisoned Shadow,0.5
661,Achoo!,3
662,Evil Aura,1
663,Archon's Blade,6
664,Chaotical Breath,3
665,Torture,3
666,Hammer Bash,2
667,Tomato Toss,1
668,Righteous Slap,4
669,Throat Jab,6
670,Battlesteel Bash,6
671,Engulfing Mud,10
672,Archon Grenade,5
673,Storm Front,1
674,Beguiler's Banishment I,16
675,N/A - Harm Touch,0.25
676,Virulent Paralysis IV,18
677,Virulent Paralysis V,18
678,Virulent Paralysis VI,18
679,Press the Attack II,5
680,Minor Explosion,4
681,Savage Slash,3
682,Poison Death,3
683,N/A - Wrath of Life,2
684,N/A - Wrath of Life,2
685,N/A - Wrath of Life,2
686,Beguiler's Directed Banishment,16
687,Wolf's Charge,3
688,Minotaur Stomp,5
689,Brinda Conical Burn Fore-Left,10
690,Brinda Conical Burn Fore-Right,10
691,Brinda Conical Burn Front-Left,10
692,Brinda Conical Burn Front-Right,10
693,Brinda Conical Burn Side-Left,10
694,Brinda Conical Burn Side-Right,10
695,Brinda Conical Burn Aft-Left,10
696,Brinda Conical Burn Aft-Right,10
697,Brinda Conical Burn Back-Left,10
698,Brinda Conical Burn Back-Right,10
699,Mathmatron Mallet,0.5
700,Avatar Knockback,15
701,Avatar Knockback,15
702,Prismatic Tail Rake,4
703,Prismatic Charge,12
704,Roar of Power,2
705,Prismatic Breath,2
706,Blast of Deepest Winter,3
707,Thunderstrike Blast,2
708,Overwhelming Sadness,2
709,Place Banner,1
710,Knockback,16
711,Rage of Rallos Zek,14
712,Claws of the Void,1
713,Will of The Doctor,1
714,Color Spray,1
715,Inquisition,1
716,Ground Stomp,3
717,Fabled Rage of the Rainkeeper,2
718,Fabled Gyrosonic Disruption,6
719,Fabled Gas Leak,4
720,Fabled Will of Saryrn,0.5
721,Fabled Blinding Essence of Purity,4
722,Fabled Fist of Earth,1
723,Fabled Strike of Marr,1
724,Fabled Fist of Earth,1
725,Fabled Thunder Call,1
726,Fabled Manabolt,1
727,Fabled Fist of Lava,1
728,Fabled Fiery Strike,3
729,Fabled Blade Frenzy,0.5
730,Fabled Wind Strike,1
731,Fabled Strike of the Champion,4
732,Fabled Denial,1
733,Fabled Protection of Marr,4
734,Fabled Flame Song of Ro,1
735,Fabled Web of Flame,3
736,Press the Attack III,6
737,Companion Relocation,14
738,Furious Leap,12
739,Kerafyrm's Glare,2
740,Harm Touch I,0.25
741,Harm Touch II,0.25
742,Harm Touch III,0.25
743,Harm Touch IV,0.25
744,Harm Touch V,0.25
745,Harm Touch VI,0.25
746,Harm Touch VII,0.25
747,Harm Touch VIII,0.25
748,Harm Touch IX,0.25
749,Harm Touch X,0.25
750,Harm Touch XI,0.25
751,Harm Touch XII,0.25
752,Harm Touch XIII,0.25
753,Harm Touch XIV,0.25
754,Harm Touch XV,0.25
755,Harm Touch XVI,0.25
756,N/A - Harm Touch,0.25
757,N/A - Harm Touch,0.25
758,Kerafyrm Wing Flap-Left,14
759,Kerafyrm Wing Flap-Right,14
760,N/A Beguiler's Directed Banishment,16
761,Fabled Avatar Power,20
762,Virulent Paralysis VII,18
763,Virulent Paralysis VIII,18
764,Virulent Paralysis IX,18
765,Discordant Rage,8
766,Fabled Insipid Dreams,1
767,Vortex of the Four Winds,5
768,Mass Inversion,2
769,Flanking Slash,6
770,Amber's Last Lullaby,-3
771,Amber's Last Lullaby Rk. II,-3
772,Amber's Last Lullaby Rk. III,-3
773,Denon's Dirge of Devastation,1
774,Denon's Dirge of Devastation Rk. II,1
775,Denon's Dirge of Devastation Rk. III,1
776,Aweshock,5
777,Aweshock Rk. II,5
778,Aweshock Rk. III,5
779,Tectonic Upheaval,1
780,Tectonic Upheaval Rk. II,1
781,Tectonic Upheaval Rk. III,1
782,Silent Dictum,1
783,Silent Dictum Rk. II,1
784,Silent Dictum Rk. III,1
785,Chromassault,1
786,Chromassault Rk. II,1
787,Chromassault Rk. III,1
788,Vinelash Surge,2
789,Vinelash Surge Rk. II,2
790,Vinelash Surge Rk. III,2
791,Multichromatic Assault,1
792,Multichromatic Assault Rk. II,1
793,Multichromatic Assault Rk. III,1
794,Visions of Kirathas,0.5
795,Visions of Kirathas Rk. II,0.5
796,Visions of Kirathas Rk. III,0.5
797,Color Cataclysm,0.5
798,Color Cataclysm Rk. II,0.5
799,Color Cataclysm Rk. III,0.5
800,Multichromatic Rune Strike,0.5
801,Multichromatic Rune Strike Rk. II,0.5
802,Multichromatic Rune Strike Rk. III,0.5
803,Shock of Cineral Steel,0.5
804,Shock of Cineral Steel Rk. II,0.5
805,Shock of Cineral Steel Rk. III,0.5
806,Lesson of Contrition,5
807,Lesson of Contrition Rk. II,5
808,Lesson of Contrition Rk. III,5
809,Rush,17
810,Rush Rk. II,20
811,Rush Rk. III,21
812,Contact Poison,1
813,Contact Poison,1
814,Divine Stun IV,5
815,Harm Touch XVII,0.25
816,Divine Stun V,5
817,Peace of Oblivion,5
818,Annoying Buzz,2
819,Fabled Fist of Earth,1
820,Fabled Shattering Glass,1
821,Blank Slate,1
822,Vicious Strike,2
823,Overpowering Strike,5
824,Worker's Wrath,2
825,Dirty Trick,2
826,Thrown Bone,5
827,Boomerang Stun,3
828,Boomerang Stun,3
829,Boomerang Stun,3
830,Wall of Wind I,18
831,Wall of Wind II,18
832,Wall of Wind III,18
833,Harm Touch XVIII,0.25
834,Beam of Displacement I,18
835,Captain's Arrow,2
836,Explosion of Discord,6
837,Pure Pain,2
838,Cracked Armor,1
839,Wave of Destruction,3
840,Ignition of Darkness,3
841,Surprise Blow,3
842,Expulsion,15
843,Rage of the Iksar,2
844,Stunning Blow,1
845,Frozen Strike,3
846,Tentacle Swipe,16
847,Harm Touch,0.25
848,Rapid Arrows,1
849,Archer's Armageddon,1
850,Arcane Spike Arrow,1
851,Holy Spike Arrow,1
852,Thunderous Hoof Strike,5
853,Halberd Scythe,5
854,Hoof Kick,5
855,Ikaav Venom Spit,2
856,Arcstrike,1
857,Gelidran Ice Wave,1
858,Pyrilen Wave,1
859,Volatile Explosion,5
860,Crushing Halberd,4
861,Lightning Overload,1
862,Pyrilen Wave,1
863,Pyrilen Flamecone,1
864,Wavemaster's Chromawave,1
865,Curator's Bite,1
866,Pulse of Pain,2
867,Curator's Smash,2
868,Venomous Explosion,7
869,Savage Volley,3
870,Widow's Bane Poison,1
871,Crystaline Kickback,5
872,Delusional Visions II,10
873,Feedback Dispersion II,10
874,Incendiary Blast,6
875,Zek Stun,0.5
876,Salvo,0.5
877,Column of Steel,2
878,Color Blaze,0.5
879,Stonecall,3
880,Sting of Korascian,3
881,Sickening Silence,3
882,Revolting Goop,3
883,Word of Torkis,1
884,Word of Thersith,1
885,Word of the Darkscale,1
886,Word of the Reaver,1
887,Stalking Death,1
888,Stunning Handclap,1
889,Axedance,3
890,Spikeshield,1
891,Irritating Spikes,1
892,Dismissal,10
893,Bertoxxulous' Cleansing,1
894,Harm Touch,0.25
895,Shout of the Celestials,5
896,Blinding Shot,5
897,Rebounding Spikes,2
898,Strangling Vines,4
899,Suffocation,1
900,Pestilential Detonation,3
901,Alcoholic Haze,0.5
902,Deathrattler Spray,34
903,Fire Beetle Explosion,3
904,Deathspitter Spray,34
905,Backhanded Slam,6
906,Spearmaster's Frenzy,0.5
907,Lower Limb Amputation Strike,4
908,Upper Limb Amputation Strike,4
909,Tail Sweep,10
910,Stoneshaker,6
911,Swell of the Deep Void,3
912,Mindvoid,1
913,Vile Mauling,4
914,Imperiont's Charge,4
915,Tallon's Avatar Power,6
916,Ball of Solid Ice,3
917,Word of Soultheft,1
918,Deathshock,1
919,Flying Knife Cyclone,6
920,Flying Knife,2
921,Agityr's Immolation,1
922,Master Strike,3
923,Full-Body Slam,5
924,Ingranite Crush,8
925,Thunderous Clap,8
926,Lava Splash,1
927,Revenge of Al'Kabor,2
928,Serenity of Oceangreen,-3
929,Serenity of Oceangreen Rk.II,-3
930,Serenity of Oceangreen Rk.III,-3
931,Denon's Dirge of Discord,1
932,Denon's Dirge of Discord Rk.II,1
933,Denon's Dirge of Discord Rk.III,1
934,Aweshake,5
935,Aweshake Rk. II,5
936,Aweshake Rk. III,5
937,Tectonic Tumult,1
938,Tectonic Tumult Rk. II,1
939,Tectonic Tumult Rk. III,1
940,Silent Edict,1
941,Silent Edict Rk. II,1
942,Silent Edict Rk. III,1
943,Chromassail,1
944,Chromassail Rk. II,1
945,Chromassail Rk. III,1
946,Hand of God Smite,1
947,Hand of God Smite,1
948,Hand of God Smite,1
949,Vinelash Surge,2
950,Vinelash Surge Rk. II,2
951,Vinelash Surge Rk. III,2
952,Polychaotic Assault,1
953,Polychaotic Assault Rk. II,1
954,Polychaotic Assault Rk. III,1
955,Docility,0.5
956,Docility Rk. II,0.5
957,Docility Rk. III,0.5
958,Color Conflux,0.5
959,Color Conflux Rk. II,0.5
960,Color Conflux Rk. III,0.5
961,Polychaotic Rune Strike,0.5
962,Polychaotic Rune Strike Rk. II,0.5
963,Polychaotic Rune Strike Rk. III,0.5
964,Shock of Discordant Steel,0.5
965,Shock of Discordant Steel Rk. II,0.5
966,Shock of Discordant Steel Rk. III,0.5
967,Lesson of Compunction,5
968,Lesson of Compunction Rk. II,5
969,Lesson of Compunction Rk. III,5
970,Rush,17
971,Rush Rk. II,20
972,Rush Rk. III,21
973,Venimor's Insult,1
974,Venimor's Insult Rk. II,1
975,Venimor's Insult Rk. III,1
976,Blazing Tempest,3
977,Darkpaw Vengeance,5
978,Contact Poison,1
979,Contact Poison,1
980,Contact Poison,1
981,Whirling Fist,6
982,Trembling Rage,1
983,Flusterbolt,16
984,Whirling Fury,10
985,Tidy Up,5
986,Big Fist,6
987,Terros Burst,4
988,Whirling Steel,8
989,Shake the Foundations,4
990,Crushing Blow,5
991,Brell's Inebriation,1
992,Algot's Impalement,1
993,Vindel's Terrorlance,1
994,Poison Apple-Throw,2
995,Heinous Rotdog Bite,2
996,Simian Punch,4
997,Chilling Frightwave,8
998,Traumatic Treant-struck Torpor,2
999,Sandman Slam,3
1000,Defensive Counterstroke,6
1001,Bladedancer's Trample,3
1002,Corrupted Lariat Snare,3
1003,Chaos Gouzah-bolt,2
1004,Shockwave,5
1005,Gravity Smash,1
1006,Black Steel,0.5
1007,Fearful Force,12
1008,Gravel Concussion,3
1009,Tidal Wave,4
1010,Gravel Spray,2
1011,Ocean Splash,3
1012,Gravel Blast,3
1013,Crashing Wave,4
1014,Earth Shake,3
1015,Wall of Wind IV,18
1016,Divine Stun VI,5
1017,Harm Touch XIX,0.25
1018,Harm Touch XX,0.25
1019,Pestilent Paralysis I,18
1020,Pestilent Paralysis II,18
1021,Pestilent Paralysis III,18
1022,Deafening Chime,2
1023,Colossal Shockwave,10
1024,Slap,6
1025,Scareling Smash,6
1026,Dradir's Fury,10
1027,Slight of Hand,6
1028,Broad Swipe,7
1029,Frigid Breath,6
1030,Fist of Slaughter,5
1031,Tendril Lash,6
1032,Awaken,18
1033,Surge of Light,8
1034,Delusion Visage I,8
1035,Morell's Gift of Darkness,8
1036,Tectonic Shock,1
1037,Tectonic Shock Rk. II,1
1038,Tectonic Shock Rk. III,1
1039,Awecrash,3
1040,Awecrash Rk. II,3
1041,Awecrash Rk. III,3
1042,Chromarend,1
1043,Chromarend Rk. II,1
1044,Chromarend Rk. III,1
1045,Silent Proclamation,1
1046,Silent Proclamation Rk. II,1
1047,Silent Proclamation Rk. III,1
1048,Lesson of Repentance,5
1049,Lesson of Repentance Rk. II,5
1050,Lesson of Repentance Rk. III,5
1051,Blusterbolt,16
1052,Blusterbolt Rk. II,16
1053,Blusterbolt Rk. III,16
1054,Lullaby of the Lost,-3
1055,Lullaby of the Lost Rk. II,-3
1056,Lullaby of the Lost Rk. III,-3
1057,Denon's Dirge of Disruption,1
1058,Denon's Dirge of Disruption Rk. II,1
1059,Denon's Dirge of Disruption Rk. III,1
1060,Lyrin's Insult,1
1061,Lyrin's Insult Rk. II,1
1062,Lyrin's Insult Rk. III,1
1063,Shock of Ethereal Steel,0.5
1064,Shock of Ethereal Steel Rk. II,0.5
1065,Shock of Ethereal Steel Rk. III,0.5
1066,Serenity,0.5
1067,Serenity Rk. II,0.5
1068,Serenity Rk. III,0.5
1069,Spectral Assault,0.5
1070,Spectral Assault Rk. II,0.5
1071,Spectral Assault Rk. III,0.5
1072,Color Clash,0.5
1073,Color Clash Rk. II,0.5
1074,Color Clash Rk. III,0.5
1075,Polyspectral Rune Strike,0.5
1076,Polyspectral Rune Strike II,0.5
1077,Polyspectral Rune Strike III,0.5
1078,Rocketeer Boots,4
1079,Hostile Swipe,7
1080,Beguiler's Banishment II,16
1081,Beguiler's Banishment III,16
1082,Beguiler's Banishment IV,16
1083,Incendiary Explosive,6
1084,Gumdrop Barrage,5
1085,Unbridled Strike of Fear,6
1086,Press the Attack IV,6
1087,Opportunistic Strike,6
1088,Furious Strike,5
1089,Claw Swipe,3
1090,Kraken's Fury,5
1091,Bronze Cross,6
1092,Ocean Current,3
1093,Forgotten Tides,1
1094,Flood,1
1095,Mage Grenade,1
1096,Pincer Crush,1
1097,Tidal Pull,-5
1098,The Orator's Word,1
1099,War Beast Slash,1
1100,Ocean Summons,1
1101,Natural Energy,1
1102,Primal Fear,1
1103,Fatal Wound,1
1104,Sphere of Darkness,2
1105,Death Bolt,1
1106,Sea Ranger's Strike,1
1107,Battle Orb Explosion,10
1108,Judicator's Rage,12
1109,Tectonic Tremor,1
1110,Tectonic Tremor Rk. II,1
1111,Tectonic Tremor Rk. III,1
1112,Aweburst,3
1113,Aweburst Rk. II,3
1114,Aweburst Rk. III,3
1115,Chromacleave,1
1116,Chromacleave Rk. II,1
1117,Chromacleave Rk. III,1
1118,Silent Mandate,1
1119,Silent Mandate Rk. II,1
1120,Silent Mandate Rk. III,1
1121,Lesson of Remorse,5
1122,Lesson of Remorse Rk. II,5
1123,Lesson of Remorse Rk. III,5
1124,Lullaby of the Forlorn,-3
1125,Lullaby of the Forlorn Rk. II,-3
1126,Lullaby of the Forlorn Rk. III,-3
1127,Oratory of Opposition,2.5
1128,Oratory of Opposition Rk. II,2.8
1129,Oratory of Opposition Rk. III,3.1
1130,Oratory of Invitation,-2.5
1131,Oratory of Invitation Rk. II,-2.8
1132,Oratory of Invitation Rk. III,-3.1
1133,Hykast's Insult,1
1134,Hykast's Insult Rk. II,1
1135,Hykast's Insult Rk. III,1
1136,Shock of Argathian Steel,0.5
1137,Shock of Argathian Steel Rk. II,0.5
1138,Shock of Argathian Steel Rk. III,0.5
1139,Confusion,0.5
1140,Confusion Rk. II,0.5
1141,Confusion Rk. III,0.5
1142,Arcane Assault,0.5
1143,Arcane Assault Rk. II,0.5
1144,Arcane Assault Rk. III,0.5
1145,Color Convergence,0.5
1146,Color Convergence Rk. II,0.5
1147,Color Convergence Rk. III,0.5
1148,Polyarcanic Rune Strike,0.5
1149,Polyarcanic Rune Strike II,0.5
1150,Polyarcanic Rune Strike III,0.5
1151,Sonic Displacement,18
1152,Divine Stun VII,5
1153,Divine Stun VIII,5
1154,Harm Touch XXI,0.25
1155,Harm Touch XXII,0.25
1156,Lifestealing Gust,12
1157,Wind Gust,12
1158,Mud Flood,4
1159,Thrash,5
1160,Coat of Roiling Water,2
1161,Infinite Enforcement,5
1162,Wave of Filth,4
1163,Drifting Decay,8
1164,Wave of Filth,4
1165,Overwhelming Odor,6
1166,Strike of the Ser Alsa,3
1167,Diseased Injection,3
1168,Power of Wind,2
1169,Crystallize,9
1170,Facial Vomit,6
1171,Shadow Retalitation,4
1172,Violation of the Senses,15
1173,Anriella's Withering,-1
1174,Melretia's Spark,-1
1175,Light of Erion,-1
1176,Shadow of Fal'Kaa,-1
1177,Wind Flow,2
1178,Jerinos' Punishment,6
1179,Water Bolt,6
1180,Arcane Torrent,1
1181,King's Quake,2
1182,King's Slam,18
1183,King's Charge,5
1184,King's Toss,-35
1185,Tail Sweep,3
1186,Coat of Roiling Water,2
1187,Steel Pushback,10
1188,Strike of the Ancient Dead,5
1189,Icky Residue,1
1190,Tidal Surge,6
1191,Ray of Light,9
1192,Burst of Brilliance,7
1193,Burst of Light,1
1194,Overwhelming Light,1
1195,Soulpart,1
1196,Soulpart,1
1197,Soulpart,1
1198,Soulpart,1
1199,Soulpart,1
1200,Blinding Fragment,1
1201,Surge of Suppression,1
1202,Grasp of Hopelessness,1
1203,Shock of Shattered Minds,1
1204,Suffocating Tendrils,3
1205,Weapon Disarm,12
1206,Retaliation of the Alsa Ril,2
1207,Sacrificial Explosion,2
1208,Tidal Wave,3
1209,Buffeting Gusts,3
1210,Buffeting Gusts,4
1211,Buffeting Gusts,4
1212,Axe of the Warlord,5
1213,King's Quake,3
1214,King's Slam,7
1215,King's Charge,5
1216,King's Toss,-7
1217,Cleaving Blow,5
1218,Sweeping Axe of Rallos,6
1219,Bladestorm,3
1220,Meteor Shower,4
1221,The Harvest,5
1222,Retaliation of the Alsa Ril,2
1223,Blinding Lights,5
1224,Buffeting Gusts,3
1225,Buffeting Gusts,4
1226,Axe of the Warlord,5
1227,Scream of the Triune,20
1228,Triunity's Wrath,3
1229,Aerial Crucifixion,3
1230,Thought Leech I,0.25
1231,Repel the Wicked,20
1232,Spiritual Rebuke I,18
1233,Paralytic Spores I,18
1234,Spiritual Rebuke II,18
1235,DaBasher's Fury,12
1236,Magi Curse,6
1237,Paralytic Spores II,18
1238,Immolation Wave,8
1239,Tail Swipe,12
1240,Screeching Darkness,12
1241,Tempest Blast,15
1242,Divine Stun IX,5
1243,Divine Stun X,5
1244,Explosion,-12
1245,Blizzard Blast,2
1246,Tail Swipe,6
1247,Deadly Tusks,4
1248,Explosive Strike,2
1249,Wings of the Greater Gargoyle,2
1250,Greater Immobilizing Stone,2
1251,Gust of Wind,8
1252,Crazed Swing,4
1253,Brutal Storm,3
1254,Stormfist,3
1255,Royal Decimation,4
1256,Devastation of Rallos,4
1257,Sweltering Carcass,2
1258,Snow Flurry,3
1259,Sweeping Tail,10
1260,Wing Buffet,7
1261,Steamjet Pack,15
1262,Banishment of Fears,3
1263,Axe Swipe,5
1264,Severe Kick,6
1265,Acidic Sap,1
1266,Claw Swipe,3
1267,The Pulverizer,13
1268,Life Splinter,1
1269,Meat Mallet,4
1270,Cold Water,3
1271,Meat Cleaver,4
1272,Burst of Air,1
1273,Ethereal Claws,2
1274,Force of the Failed Body,8
1275,Wing Blast,4
1276,Forceful Explosion,-12
1277,Life Harvest,-12
1278,Life Harvest,-12
1279,Forceful Explosion,-12
1280,Minotaur Bruising,5
1281,Halfling Bruising,5
1282,Commanding Strike,5
1283,Tail Swipe,4
1284,Terror Blast,6
1285,Flutter,5
1286,Flutter,5
1287,Terror Blast,6
1288,Fire Blast,4
1289,Terror Blast,6
1290,Wave of Fear,6
1291,Thunderground,5
1292,Mighty Tail Swipe,4
1293,Fire Blast,4
1294,Terror Blast,6
1295,Tectonic Temblor,1
1296,Tectonic Temblor Rk. II,1
1297,Tectonic Temblor Rk. III,1
1298,Aweclash,3
1299,Aweclash Rk. II,3
1300,Aweclash Rk. III,3
1301,Chromacrush,1
1302,Chromacrush Rk. II,1
1303,Chromacrush Rk. III,1
1304,Silent Order,1
1305,Silent Order Rk. II,1
1306,Silent Order Rk. III,1
1307,Lesson of Sorrow,5
1308,Lesson of Sorrow Rk. II,5
1309,Lesson of Sorrow Rk. III,5
1310,Vinelash Assault,2
1311,Vinelash Assault Rk. II,2
1312,Vinelash Assault Rk. III,2
1313,Lullaby of the Forsaken,-3
1314,Lullaby of the Forsaken Rk. II,-3
1315,Lullaby of the Forsaken Rk. III,-3
1316,Kaficus' Insult,1
1317,Kaficus' Insult Rk. II,1
1318,Kaficus' Insult Rk. III,1
1319,Shock of Blistersteel,0.5
1320,Shock of Blistersteel Rk. II,0.5
1321,Shock of Blistersteel Rk. III,0.5
1322,Disorientation,0.5
1323,Disorientation Rk. II,0.5
1324,Disorientation Rk. III,0.5
1325,Phantasmal Assault,0.5
1326,Phantasmal Assault Rk. II,0.5
1327,Phantasmal Assault Rk. III,0.5
1328,Color Confluence,0.5
1329,Color Confluence Rk. II,0.5
1330,Color Confluence Rk. III,0.5
1331,Polyiridescent Rune Strike,0.5
1332,Polyiridescent Rune Strike II,0.5
1333,Polyiridescent Rune Strike III,0.5
1334,Perilous Disorientation,0.5
1335,Perilous Disorientation Rk. II,0.5
1336,Perilous Disorientation Rk. III,0.5
1337,Harm Touch XXIII,0.25
1338,Thought Leech II,0.25
1339,Thunderground,5
1340,Sweltering Carcass,2
1341,Sweeping Tail,10
1342,Wing Buffet,7
1343,Deadly Explosion I,2
1344,Deadly Explosion II,2
1345,Deadly Explosion III,2
1346,Deadly Explosion IV,2
1347,Deadly Explosion V,2
1348,Deadly Explosion I,2
1349,Deadly Explosion II,2
1350,Deadly Explosion III,2
1351,Deadly Explosion IV,2
1352,Deadly Explosion V,2
1353,Banishment of Fears,3
1354,Axe Swipe,5
1355,Wing Gust,5
1356,Armored Roll,6
1357,Mummy Wail,6
1358,Julienne,1
1359,War Machine Flail,10
1360,War Machine Uppercut,1
1361,Swinetor Tackle,5
1362,Filth Bolt,1
1363,Polluted Wave,3
1364,Polluted Sludge,1
1365,Rotslash,1
1366,Rot Touch,1
1367,Beastly Charge,1
1368,Beastly Toss,10
1369,Blinding Filth,1
1370,Slick Toss,3
1371,Diseased Blade,1
1372,Twinstrike,1
1373,Axe Blade,2
1374,Axe Spin,2
1375,Chain Toss,2
1376,Slam,4
1377,Shoulder Throw,10
1378,Wild Swing,2
1379,Execution,1
1380,Crush of Fear,2
1381,Killing Blow,1
1382,Blinding Filth,1
1383,Slick Toss,3
1384,Knife Toss,2
1385,Armored Roll,6
1386,Commanding Bellow,6
1387,Wing Gust,5
1388,Diseased Blade,1
1389,Twinstrike,1
1390,Axe Blade,2
1391,Axe Spin,2
1392,Chain Toss,2
1393,Slam,4
1394,Shoulder Throw,10
1395,Wild Swing,2
1396,Execution,1
1397,Crush of Fear,2
1398,Fearsome Bellow,1
1399,Swinetor Smash,5
1400,Crystal Lash,5
1401,Fearful Blast,3
1402,Silent Displacement,18
1403,Thought Leech III,0.25
1404,Harm Touch XXIV,0.25
1405,Thought Leech IV,0.25
1406,Shadow Explosion,2
1407,Repel,25
1408,Rage,6
1409,Rage,6
1410,Rage,6
1411,Repeating Crossbow,1
1412,Aether Bolt,1
1413,Energy Blades,1
1414,Just Playing With You,4
1415,Shadow Explosion,2
1416,Assassin's Repulse,3
1417,Piercing Yellow Sting,1
1418,Yellow Sting,1
1419,Piercing Vermilion Sting,1
1420,Vermilion Sting,1
1421,Entomologist's Explosion,5
1422,Royal Blade,6
1423,Horror's Grip,1
1424,Touch of Doom,1
1425,Frightful Menace,3
1426,Crystal Explosion,1
1427,Harbinger Cross Slash,6
1428,Renegade's Tackle,5
1429,Stunning Uppercut,1
1430,Gutrip,4
1431,Slap of Ages,6
1432,Fear Blast,6
1433,Knocked Silly,15
1434,Burst of Ethernere Energy,12
1435,Strike of Madness,9
1436,Fright Force,7
1437,Strike of Madness II,9
1438,Fright Force II,7
1439,Amnesiac Strike,4
1440,Eruption,4
1441,Pestering Bite,1
1442,Sneeze,2
1443,Chittering,1
1444,Piercing Stinger Swipe,2
1445,Stinger Swipe,1
1446,Rain of Vermilion Stings,1
1447,Rain of Yellow Stings,1
1448,Strike of Madness,9
1449,Fright Force,7
1450,Strike of Madness II,9
1451,Fright Force II,7
1452,Amnesiac Strike,4
1453,Explosive Reaction,1
1454,Warden's Bladework,10
1455,Explosive Response,1
1456,Stoneslam,6
1457,Decimation,13
1458,Claymore Revolution,10
1459,Claymore Revolution,10
1460,Arrows of Rot,1
1461,Arrows of Rot,1
1462,Hidden Misericorde,1
1463,Incendiary Blast,6
1464,Salvo,0.5
1465,Column of Steel,2
1466,Zek Stun,0.5
1467,Catapult Blast,8
1468,Crush,2
1469,Fireshard Blast,2
1470,Sol'Dal Strike,1
1471,Violent Inferno,2
1472,Toss Aside,5
1473,Ember Assault,3
1474,Ember Bolt,1
1475,Lavapunch,1
1476,Golem Thrashing,5
1477,Rancid Blade,1
1478,Skeletal Rake,1
1479,Mana Blight,1
1480,Burning Gust,7
1481,Choking Smoke,1
1482,Manashot Crossbow,3
1483,Imp Explosion,6
1484,Siren's Call,1
1485,Banshee Screech,1
1486,Scalithid's Curse,1
1487,Seawater Blast,2
1488,Clay Fire Bomb,1
1489,Saltwater Cannon,2
1490,Magi Blaster Gauntlet,2
1491,Cannonball,5
1492,Cannonball,5
1493,Harm Touch,0.25
1494,Frostfire Cascade,0.25
1495,Groundburst,3
1496,Punitive Measures,-1
1497,Divine Stun XI,5
1498,Paralytic Spray I,18
1499,Paralytic Spray II,18
1500,Spiritual Rebuke III,18
1501,Divine Stun XII,6
1502,Divine Stun XIII,6
1503,Harm Touch XXV,0.25
1504,Paralytic Spores III,18
1505,Paralytic Spray III,18
1506,Groundburst,3
1507,Gargoyle's Wing Slap,2
1508,Gargoyle's Wing Slap,2
1509,Gargoyle's Roar,2
1510,Gargoyle's Tail Swipe,2
1511,Agitation,3
1512,Aerocleave,5
1513,Raging Tempest,20
1514,Side Swipe,5
1515,Side Swipe,5
1516,Slash,5
1517,Slash,5
1518,Sound of War,1
1519,Harm Touch of War,1
1520,Concussive Respite,1
1521,Zekarian Slam,1
1522,Wingstrike,1
1523,Colossus Crush,1
1524,Thundering Smash,1
1525,Claymore Crush,2
1526,Bloodsaber's Touch,1
1527,Claymore Crush,2
1528,Bloodsaber's Touch,1
1529,Stunning Retort,2
1530,Wild Pickaxe Swing,1
1531,Arcblade,1
1532,Bludgeoning,1
1533,Skeletal Instability,2
1534,Vitio's Hammer Strike,1
1535,Vitio's Blade Swing,1
1536,Vitio's Rampage,1
1537,Aura of the Citadel,-1
1538,Vitio's Backswing,1
1539,Vitio's Killing Blow,1
1540,Molten Burst,2
1541,Energaetic Burst,3
1542,Tectonic Destruction,1
1543,Tectonic Destruction Rk. II,1
1544,Tectonic Destruction Rk. III,1
1545,Awecrush,3
1546,Awecrush Rk. II,3
1547,Awecrush Rk. III,3
1548,Chromabash,1
1549,Chromabash Rk. II,1
1550,Chromabash Rk. III,1
1551,Silent Behest,1
1552,Silent Behest Rk. II,1
1553,Silent Behest Rk. III,1
1554,Lesson of Grief,5
1555,Lesson of Grief Rk. II,5
1556,Lesson of Grief Rk. III,5
1557,Lullaby of Silisia,-3
1558,Lullaby of Silisia Rk. II,-3
1559,Lullaby of Silisia Rk. III,-3
1560,Fjilnauk's Insult,1
1561,Fjilnauk's Insult Rk. II,1
1562,Fjilnauk's Insult Rk. III,1
1563,Shock of Darksteel,0.5
1564,Shock of Darksteel Rk. II,0.5
1565,Shock of Darksteel Rk. III,0.5
1566,Bafflement,0.5
1567,Bafflement Rk. II,0.5
1568,Bafflement Rk. III,0.5
1569,Polyrefractive Assault,0.5
1570,Polyrefractive Assault Rk. II,0.5
1571,Polyrefractive Assault Rk. III,0.5
1572,Color Concourse,0.5
1573,Color Concourse Rk. II,0.5
1574,Color Concourse Rk. III,0.5
1575,Perilous Bafflement,0.5
1576,Perilous Bafflement Rk. II,0.5
1577,Perilous Bafflement Rk. III,0.5
1578,Polyrefractive Rune Strike,0.5
1579,Polyrefractive Rune Strike II,0.5
1580,Polyrefractive Rune Strike III,0.5
1581,Shower of the Overthere,1
1582,Bloodtusk Stampede,15
1583,Whirlrender Mortar,2
1584,Retribution,1
1585,Death Strike,1
1586,Beguiler's Banishment V,16
1587,Beguiler's Banishment VI,16
1588,Darkened Word of Pain,1
1589,Pain Touch,0.25
1590,Word of the Citadel,1
1591,Incendiary Explosive,6
1592,Ankle Crush,2
1593,Shock of Lightning,3
1594,Word of the Citadel,1
1595,Shield Bash,2
1596,Mind-Numbing Sonics,0.5
1597,Sound of War,1
1598,Harm Touch of War,1
1599,Concussive Respite,1
1600,Zekarian Slam,1
1601,Wingstrike,1
1602,Colossus Crush,1
1603,Thundering Smash,1
1604,Press the Attack V,6
1605,Press the Attack VI,6
1606,Press the Attack VII,6
1607,Harm Touch XXVI,0.25
1608,Thought Leech V,0.25
1609,Thought Leech VI,0.25
1610,Thought Leech VII,0.25
1611,Virulent Paralysis X,18
1612,Virulent Paralysis XI,18
1613,Pestilent Paralysis IV,18
1614,Pestilent Paralysis V,18
1615,Beam of Displacement II,18
1616,Gravity Twist,0.5
1617,Gravity Twist Rk. II,0.5
1618,Gravity Twist Rk. III,0.5
1619,Massive Kick,5
1620,Ten Ten,7
1621,Draconic Meteor,6
1622,Draconic Meteor,6
1623,Draconic Meteor,6
1624,Press the Attack VIII,6
1625,Divine Stun XIV,6
1626,Divine Stun XV,6
1627,Harm Touch XXVII,0.25
1628,Harm Touch XXVIII,0.25
1629,Harm Touch XXIX,0.25
1630,Thought Leech VIII,0.25
1631,Magnanimous Force I,10
1632,Sonic Disturbance I,1
1633,Tectonic Eruption,1
1634,Tectonic Eruption Rk. II,1
1635,Tectonic Eruption Rk. III,1
1636,Awestrike,3
1637,Awestrike Rk. II,3
1638,Awestrike Rk. III,3
1639,Chromaburst,1
1640,Chromaburst Rk. II,1
1641,Chromaburst Rk. III,1
1642,Silent Directive,1
1643,Silent Directive Rk. II,1
1644,Silent Directive Rk. III,1
1645,Lesson of Expiation,5
1646,Lesson of Expiation Rk. II,5
1647,Lesson of Expiation Rk. III,5
1648,Lullaby of Jembel,-3
1649,Lullaby of Jembel Rk. II,-3
1650,Lullaby of Jembel Rk. III,-3
1651,Travenro's Insult,1
1652,Travenro's Insult Rk. II,1
1653,Travenro's Insult Rk. III,1
1654,Shock of Arcronite Steel,0.5
1655,Shock of Arcronite Steel Rk. II,0.5
1656,Shock of Arcronite Steel Rk. III,0.5
1657,Perplex,0.5
1658,Perplex Rk. II,0.5
1659,Perplex Rk. III,0.5
1660,Polyfluorescent Assault,0.5
1661,Polyfluorescent Assault Rk. II,0.5
1662,Polyfluorescent Assault Rk. III,0.5
1663,Color Congruence,0.5
1664,Color Congruence Rk. II,0.5
1665,Color Congruence Rk. III,0.5
1666,Perilous Perplexing,0.5
1667,Perilous Perplexing Rk. II,0.5
1668,Perilous Perplexing Rk. III,0.5
1669,Polyfluorescent Rune Strike,0.5
1670,Polyfluorescent Rune Strike II,0.5
1671,Polyfluorescent Rune Strike III,0.5
